pays,apprenant,mot (interlangue),mot (automatique),mot (correct en polonais),version correcte en polonais,transcription automatique,transcription manuelle
FR,1120,ulisa,ulica,ulicą,tak prosto ulicą niską obok szpitala prosto i skręcić w prawo w pierwszą ulicę skręcić w prawo w ulicę juliusza potem prosto prosto obok restauracji obok teatru obok szkoły uniwersytetu i skręcić w lewo w ulicę dobrą proszę prosto i skręcić w lewo w ulicę dobrą cztery tam jest dom jest na lewo,tak po prostu ulica niska obok szpitala po prostu skroczyć na na prawo pieśń ulica skręcić na prawo czy na lewo skręcić na prawo ulica juliesa i pieśń po prostu obok restauracja obok teatr obok szkoła uniwersytetowa i skroczyć na lewo ulica dobra pieśń po prostu i skroczyć na lewo dobra cztery do do do do do ulica dobra cztery jest tak muszę skręcić na lewo i ulica dobra cztery jest gdzie się znajduje jest na lewo na lewo,tak prosto ulisa niska obok ospital prosto i skroczie na na grawo piese ulisa skrecić na prawo ulisa żuliesa i pies pro proto proto ubak ubok restorancja ubok teatr i ubok skola juwersytet i skroczie na lewo ulisa dobra pies prosto i skroczie na lewo dobra dobra czery do es na dona la dona jest na lewo
FR,1120,ospital,szpitala,szpitala,,,
FR,1120,skroczie,skroczyć,skręcić,,,
FR,1120,grawo,prawo,prawo,,,
FR,1120,piese,pieśń,pierwszą,,,
FR,1120,ulisa,ulica,ulicę,,,
FR,1120,skrecić,skręcić,skręcić,,,
FR,1120,ulisa,ulica,ulicę,,,
FR,1120,żuliesa,juliesa,juliusza,,,
FR,1120,ubak,obok,obok,,,
FR,1120,ubok,obok,obok,,,
FR,1120,restorancja,restauracja,restauracji,,,
FR,1120,ubok,obok,obok,,,
FR,1120,ubok,obok,—,,,
FR,1120,skola,szkoła,szkoły,,,
FR,1120,juwersytet,uniwersytetowa,uniwersytetu,,,
FR,1120,skroczie,skroczyć,skręcić,,,
FR,1120,ulisa,ulica,ulicę,,,
FR,1120,skroczie,skroczyć,skręcić,,,
FR,1120,czery,cztery,cztery,,,
FR,1104,niskom,miską,niską,proszę idź prosto ulicą niską i za szpitalem proszę skręcić w prawo w ulicę juliusza słowackiego a potem proszę iść prosto prosto obok teatru obok szkoły i za sklepem proszę iść w lewo w ulicę dobrą i tutaj znajduje się dobra cztery na lewo,proszę iść prosto ulicę miską i za szpitalu proszę skręcić w prawo ulicę juliuska słowackiego a potem proszę iść prosto prosto obok teatru obok szkoły i za sklepem proszę iść w lewo ulicę dobrą i tutaj znajdujecie dobre 4 na lewo,proszę idź prosto ulice niskom i za szpitalu proszę skrencić w prawo ulice juliuska słowackiego i a potem proszę idź prosto prosto obok teatru obot szkoły i za sklepem proszę idź w lewo ulice dobron i tutaj znaduje cię dobre cztery na lewo
FR,1104,skrencić,skręcić,skręcić,,,
FR,1104,juliuska,juliuska,juliusza,,,
FR,1104,obot,obok,obok,,,
FR,1104,dobron,dobrą,dobrą,,,
FR,1104,znaduje,znajdujecie,znajduje,,,
FR,1110,niszka,niżka,niską,tak tak uwaga uwaga proszę idź prosto ulicą niską i potem proszę iść prosto za szpitalem skręcisz w prawo to jest ulica juliusza słowackiego proszę idź prosto prosto obok restauracji obok szkoły obok teatru prosto prosto i za sklepem proszę skręcić w lewo i dom znajduje się na ulicy dobrej cztery,tak tak uwaga uwaga proszę iść prosto to jest ulica niżka to jest to jest proszę iść prosto za hospitale stręczysz w prawo to jest ulica juliusza słowackiego proszę iść prosto prosto bądź w restauracji bądź w sklepie bądź w teatrze prosto prosto i za sklepem proszę proszę skręcić w prawo i dom znajduje się w numer 4 ulicy dobrej,tak tak waga waga proszę idź prosto to jest ulica niszka to jest to to proszę iść prosto za ospitalem szkrencisz w prawo to jest ulica julius juliusza słowackiego proszę idź prosto prosto obok restorauk restoraucje obok skała obok teatr prosto prosto i za sklepem proszę ploszę skrencisz w lewo i dom znazduje się numer sztery ulice dobre
FR,1110,ospitalem,hospitale,szpitalem,,,
FR,1110,szkrencisz,stręczysz,skręcisz,,,
FR,1110,julius,-,juliusza,,,
FR,1110,restorauk,-,—,,,
FR,1110,restoraucje,restauracji,restauracji,,,
FR,1110,skrencisz,skręcić,skręcić,,,
FR,1110,znazduje,znajduje,znajduje,,,
FR,1110,sztery,4,cztery,,,
FR,1119,skrencić,skręcić,skręcić,idź prosto ulicą niską obok szpitala skręcić prosto w prawo w prawo w ulicę juliusza słowackiego idź prosto prosto prosto obok restauracji teatru szkoły uniwersytetu obok sklepu skręć w lewo w ulicę dobrą dom kowalskich jest na lewo,idź prosto na ulicę niska obok szpitala skręcić w prawo skręcić w prawo ok na ulicę jóliuska słowackiego idź prosto prosto prosto obok restauracja teatr szkoły uniwersytet obok sklepu skręcić w lewo na ulicę dobrą dom kowalskiego jest na lewo,idź prosto na ulica niska obok spita szpitalem skrencić w prosto na w prawo prawo na ulica juliuska słowackiego idź prosto prosto prosto obok restora restoracja teatr skoly uniwersytet obok sklep sklep skrencić w lewo na ulica dobry dom kowalskiego jest na lewo
FR,1119,juliuska,jóliuska,juliusza,,,
FR,1119,restoracja,restauracja,restauracji,,,
FR,1119,skoly,szkoły,szkoły,,,
FR,1119,skrencić,skręcić,skręć,,,
FR,1108,szken,-,—,do dobrej cztery proszę iść prosto ulicą niską prosto prosto skręcić w prawo w ulicę juliusza słowackiego idź prosto obok szkoły obok uniwersytetu proszę idź prosto i w ulicę dobrą skręcisz w lewo znajduje się dom kowalskich,dobrej 4 proszę iść prosto ulica niska prosto prosto szkęcisz na prawo ulica juliusza słowackiego dobrze ulica juliusza słowackiego dobrze idź prosto obok szkoły obok uniwersytetu proszę iść prosto i ulica dobra skręcisz na lewo znajdujesz się dom kowalska,dobrej cztery proszę idź prosto ulika niska prosto prosto szken szken szkensiś na prawo ulica dżoliesa slołackiego idź prosto obok skola obok uniwersitet proszę idź prosto i ulika dobra skręcisz na lewo najduje się dom kowalska
FR,1108,szkensiś,szkęcisz,skręcić,,,
FR,1108,slołackiego,słowackiego,słowackiego,,,
FR,1108,skola,szkoły,szkoły,,,
FR,1108,uniwersitet,uniwersytetu,uniwersytetu,,,
FR,1108,najduje,znajdujesz,znajduje,,,
FR,1103,ulicza,ulicą,ulicą,idź prosto ulicą niską i za szpitalem skręć w prawo w ulicę juliusza słowackiego idź prosto prosto i za sklepem skręć w lewo w ulicę dobrą numer cztery,idź prosto za ulicą niską i za hospitale skręcić na prawo za ulicą żuliuska słowackiego idź prosto prosto i za sklep skręcić na lewo za ulicą dobrej 4,idź prosto za ulicza niska i za ospitalem skręcić na prawo za ulisza żuliuska slowakiego iść prosto prosto i za skret skręcić na lewo za ulicza dobra numer sztery
FR,1103,ospitalem,hospitale,szpitalem,,,
FR,1103,ulisza,ulicą,ulicę,,,
FR,1103,żuliuska,żuliuska,juliusza,,,
FR,1103,slowakiego,słowackiego,słowackiego,,,
FR,1103,skret,sklep,sklepem,,,
FR,1103,ulicza,ulicą,ulicę,,,
FR,1103,sztery,4,cztery,,,
FR,1116,skrencisz,skręcisz,skręcisz,,,
FR,1116,skrencisz,skręcisz,skręcisz,,,
FR,1116,ulicze,ulicę,ulicę,,,
FR,1116,juliuska,juliuska,juliusza,,,
FR,1116,skołaskiego,skołaskiego,słowackiego,,,
FR,1116,skuole,szkole,szkoły,,,
FR,1116,skrencisz,skręcisz,—,,,
FR,1116,spren,-,—,,,
FR,1116,skrencisz,skręcisz,skręcisz,,,
FR,1116,ulicze,ulicy,ulicę,,,
FR,1116,skrencisz,skręcisz,skręcisz,,,
FR,1116,scztery,4,cztery,,,
FR,1116,ulisze,ulicy,ulica,,,
FR,1116,znaduje,znajdujesz,znajduje,,,
FR,1116,sie,się,się,,,
FR,1116,skowalski,skołalskim,kowalskich,,,
FR,1113,poszę,proszę,proszę,proszę iść prosto ulicą niską za szpitalem skręcisz w prawo w ulicę juliusza słowackiego proszę iść prosto obok restauracji obok teatru i obok sklepu za sklepem skręcisz w lewo w ulicę dobrą i znajduje się na lewo nie tak numer cztery ulica dobra,proszę iść prosto na ulicę niska tak za szpitalem skręcisz prawo na ulicę józefowskiego proszę iść prosto obok restauracji obok teatru i obok sklepu za sklepem za sklepem skręcisz w lewo na ulicę dobra i znajdujesz się na lewo tak na lewo tak na ulicy dobrej 4 na lewo numer 4 ulica dobra,poszę idź prosto na ulica niska za szpitalem skrencisz prawo na ulica dżulieska skowalskiego poszę idź posto obok restoraczje obok teatry i obok sklepem za sklebe za sklepem zna skrencisz w ljewo na ulica dobra i znaduje się na lewo nie tak numer cztery ulica dobra
FR,1113,skrencisz,skręcisz,skręcisz,,,
FR,1113,dżulieska,-,juliusza,,,
FR,1113,skowalskiego,józefowskiego,słowackiego,,,
FR,1113,poszę,proszę,proszę,,,
FR,1113,posto,prosto,prosto,,,
FR,1113,restoraczje,restauracji,restauracji,,,
FR,1113,sklebe,sklepem,sklepem,,,
FR,1113,skrencisz,skręcisz,skręcisz,,,
FR,1113,ljewo,lewo,lewo,,,
FR,1113,znaduje,znajdujesz,znajduje,,,
FR,1118,niszka,niżka,niską,proszę iść prosto ulicą niską za szpitalem obok szpitala proszę skręcić w prawo w ulicę juliusza słowackiego proszę iść prosto ulicą juliusza słowackiego za sklepem proszę skręcić w lewo w ulicę dobrą proszę iść prosto ulicą dobrą obok sklepu i obok parku znajduje się na lewo ulica dobra numer cztery,proszę iść prosto ulicę niżka na szpital obok szpital proszę skręcić prawo ulicę juleska słowackiego proszę iść prosto ulicę juleska słowackiego na sklep proszę skręcić na lewo ulicę dobra proszę iść prosto ulicę dobra obok sklep i obok park znajdujesz się na lewo ulicę dobra nr 3,proszę iść prosto ulika niszka zna oszpital obok oszpital proszę skreciś prawo ulika juleska słowaskiego proszę iś prosto ulika julieska słowaskiego zna sklept proszę skrenciśt na lewo ulika dobra hasta proszę iść prosto ulika dobra obok sklept i obok park znaduje sie na lewo ulika dobra numero czery
FR,1118,oszpital,szpital,szpitalem,,,
FR,1118,oszpital,szpital,szpitala,,,
FR,1118,skreciś,skręcić,skręcić,,,
FR,1118,juleska,juleska,juliusza,,,
FR,1118,słowaskiego,słowackiego,słowackiego,,,
FR,1118,julieska,juleska,juliusza,,,
FR,1118,słowaskiego,słowackiego,słowackiego,,,
FR,1118,sklept,sklep,sklepem,,,
FR,1118,skrenciśt,skręcić,skręcić,,,
FR,1118,sklept,sklep,sklepu,,,
FR,1118,znaduje,znajdujesz,znajduje,,,
FR,1118,sie,się,się,,,
FR,1118,numero,nr,numer,,,
FR,1118,czery,3,cztery,,,
FR,1117,spital,szpitalu,szpitala,iść prosto ulicą niską i obok szpitala w prawo proszę iść prosto prosto prosto i obok sklepu skręcisz w lewo w ulicę dobrą i na lewo jest numer cztery,jestem blisko ulicy niska i mieszkam w szpitalu więc nie jestem w porządku przeszłam proces i proces proces proces i obok sklepu na lewo na ulicę dobrą i na lewo jest nr 4,iszcze prosto na ulica niska i obok spital cienci na prawo proszę iścz proce i proste proste proste i obok sklept cz czrenczisz na lewo a na ulica dobra i an na lewo jest numer cztery
FR,1117,iścz,-,iść,,,
FR,1117,sklept,sklepu,sklepu,,,
FR,1117,czrenczisz,-,skręcisz,,,
FR,1101,jestam,jestem,—,idź prosto ulicą niską obok szpitala skręć w prawo w ulicę juliusza słowackiego idź prosto obok sklepu skręć w lewo i znajduje się dom na ulicy dobrej numer cztery,jestem szczęśliwa idź prosto na ulicę niską obok szpitala stręcz prawo wyprawo na ulicę huliuckiego-skłowienkiego idź prosto prosto prosto obok sklepu stręcz w lewo i znajdziesz dom na ulicy dobrej nr 4,jestam stanczy idź presto na ulica niska obok szpitalu strencić w prawo wy prawo na ulica huliucka sklowiańkiego idź prosto prosto prosto na obok sklep stręcić w lewo i znaduje się dom na ulic ulicy dobre numer cztery
FR,1101,stanczy,szczęśliwa,—,,,
FR,1101,strencić,stręcz,skręć,,,
FR,1101,huliucka,-,juliusza,,,
FR,1101,sklowiańkiego,huliuckiego-skłowienkiego,słowackiego,,,
FR,1101,stręcić,stręcz,skręć,,,
FR,1101,znaduje,znajdziesz,znajduje,,,
FR,1115,hospitalu,ospitalem,szpitalem,tak proszę iść prosto proszę idź prosto ulicą niską za szpitalem skręcisz w prawo proszę iść prosto ulicą juliusza słowackiego obok szpitalu obok restauracji obok teatru obok uniwersytetu obok sklepu za sklepem proszę skręcić w lewo w ulicę dobrą proszę iść prosto i tam znajduje się numer cztery,tak proszę iść prosto ulica niska za ospitalem skręcisz na prawo proszę iść prosto ulica żuliuska słowackiego obok ospitalu obok restauracja obok teatru obok uniwersytetu obok sklepu za sklep proszę skręcisz na lewo ulica dobra proszę iść prosto i znajdujecie numer czery,tak proszę iść pro proszę idź prosto ulica niska za hospitalu skręcisz na prawo proszę idź prosto ulica żu żuliuska so sowaskiega obuk ospitalu obok restau restauracja obut teatru obut uniwersiteć obuk sklepts za sklepts proszę skrencisz na lewo ulica dobra proszę iś prosto i naduje cie numer czery numer czery
FR,1115,żu,-,—,,,
FR,1115,żuliuska,żuliuska,juliusza,,,
FR,1115,sowaskiega,słowackiego,słowackiego,,,
FR,1115,obuk,obok,obok,,,
FR,1115,ospitalu,ospitalu,szpitalu,,,
FR,1115,restau,-,—,,,
FR,1115,obut,obok,obok,,,
FR,1115,obut,obok,obok,,,
FR,1115,uniwersiteć,uniwersytetu,uniwersytetu,,,
FR,1115,obuk,obok,obok,,,
FR,1115,sklepts,sklepu,sklepu,,,
FR,1115,sklepts,sklep,sklepem,,,
FR,1115,skrencisz,skręcisz,skręcić,,,
FR,1115,naduje,znajdujecie,znajduje,,,
FR,1115,czery,czery,cztery,,,
FR,1115,czery,-,—,,,
FR,1112,juliuska,juliuska,juliusza,proszę iść prosto ulicą niską za szpitalem skręcić w prawo w ulicę juliusza słowackiego proszę iść prosto za sklepem skręcić w lewo w ulicę dobrą i dom jest na lewo na lewo,proszę iść prosto na ulicę niską za szpitalem skręcić w prawo na ulicę juliuska słowackiego proszę iść prosto za sklepem skręcić w lewo na ulicę dobrej i dom jest na lewo na lewo tak na lewo,proszę iść prosto na ulica niska za szpitalu skręcić w prawo na ulica juliuska slowackiego proszę iść prosto za sklepu skręcić w lewo na ulica dobra i jest i dom jest na lewo na lewo
FR,1112,slowackiego,słowackiego,słowackiego,,,
FR,1106,żuliusa,juliusza,juliusza,proszę iść prosto ulicą niską za szpitalem proszę skręcić w prawo w ulicę juliusza słowackiego idź prosto prosto prosto prosto obok restauracji obok teatru obok sklepu za sklepem skręć w lewo w ulicę dobrą i numer cztery jest na lewo,może iść prosto na ulicę niską ze szpitala skręcić na prawo na ulicę juliusza skłodowskiego iść prosto prosto prosto prosto obok restauracja obok teatr obok sklep tak ze sklepu skręcić na lewo na ulicę dobrej i nr 4 jest na lewo,może iść prosto na ulica niska za szpitalu skręć na prawo na ulica żuliusa sk skowalskiego idź prosto prosto prosto prosto obok restoracja obok tiatr obok sklep za sklepu skrenć na lewo ulica dobra i numier cztery jest na lewo
FR,1106,skowalskiego,skłodowskiego,słowackiego,,,
FR,1106,restoracja,restauracja,restauracji,,,
FR,1106,tiatr,teatr,teatru,,,
FR,1106,skrenć,skręcić,skręć,,,
FR,1106,numier,nr,numer,,,
IT,5112,ospital,szpitala,szpitala,idź prosto ulicą niską do szpitala proszę idź proszę skręcić w prawo za szpitalem i idź prosto ulicą słowackiego obok restauracji i szkoły i teatru idź prosto ulicą słowackiego do sklepu na rogu skręcić w lewo i iść prosto ulicą dobrą iść prosto ulicą dobrą i dom kowalskich jest znajduje się na lewo numer ulicy dobrej numer cztery,idź prosto ulicą niską do szpitala proszę skręcić w prawo do szpitala idź prosto ulicą słowaksiego obok restauracji i szkoła i teatr idź prosto ulicą słowaksiego do sklepu na rogu skręcić w lewo idź prosto ulicą dobrej idź prosto ulicy dobrej i dom kowalski jest znajduje się na lewo numer ulicy dobrej numer 4,ich iś prosto ulico nisko za do ospital proszę idź proszę skręcić w prawo za oszpitalu i ichś prosto ulica ulico słowaksjego obok restaurasja i szkuła i teatsz ikś prosto ulico słowaksjego do sklepu na rogu skręcić w lewo i iś prosto ulico dobru iś prosto ulice dobru i dom kowalski jest znaduje szie na lewo numer ulicy dobry numer szteri
IT,5112,oszpitalu,szpitala,szpitalem,,,
IT,5112,ichś,idź,idź,,,
IT,5112,słowaksjego,słowaksiego,słowackiego,,,
IT,5112,restaurasja,restauracji,restauracji,,,
IT,5112,szkuła,szkoła,szkoły,,,
IT,5112,teatsz,teatr,teatru,,,
IT,5112,ikś,idź,idź,,,
IT,5112,słowaksjego,słowaksiego,słowackiego,,,
IT,5112,znaduje,znajduje,znajduje,,,
IT,5112,szie,się,się,,,
IT,5112,szteri,4,cztery,,,
IT,5101,sztery,4,cztery,ulica dobra cztery proszę iść prosto ulicą niską aż do szpitala za szpitalem proszę skręcić w prawo to jest ulica juliusza słowackiego a potem proszę iść prosto obok szpitala obok restauracji szkoły i proszę iść za skrzyżowaniem i proszę iść obok prosto obok teatru szkoły uniwersytetu i sklepu za sklepem proszę skręcić w lewo w ulicę dobrą i proszę iść prosto za sklepem dom kowalskich znajduje się tutaj,ulicę dobrej 4 proszę iść prosto ulicą niską aż do szpitalu za szpitalem proszę skręcić w prawo to jest ulica juliuszka słowackiego a potem proszę iść prosto obok szpitala obok restauracji szkoły i proszę iść za skrzyżowaniem i proszę iść prosto obok teatru szkoły uniwersytetu i sklepu na sklepem proszę skręcić w lewo ulicą dobrej i proszę iść prosto za sklepem dom skowalski znajduje się tutaj,ulice dobre sztery proszę iś prosto ulicon niskon aż do szpitalu za szpitalem proszę skręcić w prawo to jest ulica juliuszka słowackiego i a potem proszę iś prosto obok szpitalem obok restauracji skoły i proszę iś za skirzo skirzowani i proszę iść obok prosto obok teatszem skołe uniwersyteczem i sklepem na sklepem proszę skręcicz w lewo ulicon dobron i proszę iść prosto za sklepen dom dom skowalski znajduje szię tutuj
IT,5101,ulicon,ulicą,ulicą,,,
IT,5101,niskon,niską,niską,,,
IT,5101,juliuszka,juliuszka,juliusza,,,
IT,5101,skoły,szkoły,szkoły,,,
IT,5101,skirzo,-,—,,,
IT,5101,skirzowani,skrzyżowaniem,skrzyżowaniem,,,
IT,5101,teatszem,teatru,teatru,,,
IT,5101,skołe,szkoły,szkoły,,,
IT,5101,uniwersyteczem,uniwersytetu,uniwersytetu,,,
IT,5101,skręcicz,skręcić,skręcić,,,
IT,5101,ulicon,ulicą,ulicę,,,
IT,5101,dobron,dobrej,dobrą,,,
IT,5101,sklepen,sklepem,sklepem,,,
IT,5101,skowalski,skowalski,kowalskich,,,
IT,5101,szię,się,się,,,
IT,5101,tutuj,tutaj,tutaj,,,
IT,5104,prożę,proszę,proszę,proszę iść prosto ulicą niską za szpitalem skręcić w prawo proszę iść prosto na ulicy ulicą słowackiego obok restauracji obok szkoły obok teatru za sklepem proszę skręcić w lewo numer cztery znajduje się obok parku i sklepu na lewo,proszę iść prosto na ulicę niską za szpitalem skręcić w prawo proszę iść prosto na ulicę słowackiego obok restauracji obok szkoły obok szkoły obok teatru za sklepem proszę skręcić w lewo numer 4 znajduje się obok parku i sklepu na lewo,prożę iś prosto na ulicon niskon za szpitalem skręcić w prawo prożę iś prosto na ulica uli ulicon słowockiego obok restauracji obok szkoly obok teatr dza szklepe prożę skręcić w lewo numer sztery znaduje się obok parku i szklepe na lewo
IT,5104,ulicon,ulicę,ulicą,,,
IT,5104,niskon,niską,niską,,,
IT,5104,prożę,proszę,proszę,,,
IT,5104,ulicon,ulicę,ulicą,,,
IT,5104,słowockiego,słowackiego,słowackiego,,,
IT,5104,szkoly,szkoły,szkoły,,,
IT,5104,dza,za,za,,,
IT,5104,szklepe,sklepem,sklepem,,,
IT,5104,prożę,proszę,proszę,,,
IT,5104,sztery,4,cztery,,,
IT,5104,znaduje,znajduje,znajduje,,,
IT,5104,szklepe,sklepu,sklepu,,,
IT,5119,cztere,cztere,cztery,do ulicy dobrej cztery tak proszę iść prosto ulicą niską i proszę skręcić w lewo aż do szpitala w prawo w ulicę słowackiego proszę iść prosto ulicą słowackiego aż do sklepu skręcić w lewo w ulicę dobrą i numer cztery jest na lewo tak na lewo,do ulicy dobrej cztere proszę iść prosto na ulicę niską i proszę skręcić w lewo do szpitala w prawo na ulicę słowackiego proszę iść prosto na ulicę słowackiego a do sklepu skręć się w lewo na ulicę dobrej i numer cztere jest na lewo tak na lewo,do ulicy dobre cztere tak proszę iś prosto na ulicon niskon i proszę skręcić w lewo a do szpitalu w prawo na ulicę słowackiego proszę iś prosto na ulicę słowackiego a do szklepu skręczić w lewo ulicon dobron i numer cztery jest na lewo tak na lewo
IT,5119,ulicon,ulicę,ulicą,,,
IT,5119,niskon,niską,niską,,,
IT,5119,szklepu,sklepu,sklepu,,,
IT,5119,skręczić,skręć,skręcić,,,
IT,5119,ulicon,ulicę,ulicę,,,
IT,5119,dobron,dobrej,dobrą,,,
IT,5117,proszte,prościej,prosto,proszę iść prosto do szpitala za szpitalem skręcić w prawo w ulicę słowackiego a potem proszę iść prosto obok restauracji obok skrzyżowania obok teatru do sklepu za sklepem skręcić w lewo w ulicę dobrą a potem iść prosto i dom kowalskich znajduje się na lewo,proszę iść prościej do szpitalu do szpitalu skręcić się w prawo na ulicę słowackiego a potem proszę iść prościej do ulicy dobrej 4 a potem proszę iść prościej do ulicy słowackiego a potem proszę iść prościej do ulicy słowackiego a potem proszę iść prościej do ulicy słowackiego,proszę iść proszte do szpitalu dze szpitalu skręciś skręcić wy wy prawo na ulica słowacjego a potem proszę iś prosto obok restauracji obok szyżowani obok teatr do sklep dze sklep skręcić w lewo ulica dobra a potem iś prosto i dom kowalski znaduje się na lewo
IT,5117,dze,do,za,,,
IT,5117,skręciś,-,skręcić,,,
IT,5117,słowacjego,słowackiego,słowackiego,,,
IT,5117,szyżowani,-,skrzyżowania,,,
IT,5117,dze,-,za,,,
IT,5117,znaduje,-,znajduje,,,
IT,5111,sztery,-,cztery,ulica dobra cztery proszę iść prosto ulicą niską obok szpitala na rogu proszę skręcić w prawo i proszę iść prosto ulicą słowackiego a po skrzyżowaniu proszę iść prosto ulicą słowackiego obok teatru obok szkoły uniwersytetu proszę iść prosto i na lewo od sklepu na rogu proszę skręcić w lewo proszę iść prosto ulicą dobrą numer cztery jest dom dom sklep jest sklep,proszę i prosto ulica niska obok ospital na rogu proszę skręcić na prawo i proszę i prosto ulica słowa ciego a potem szoszowanie proszę i prosto ulica słowa ciego obok teatr obok szkole uniwersytecie proszę i prosto i na lewo sklep na rogu proszę skręcić na lewo i proszę i prosto ulica dobra numer cztery jest dom domu no del tre ty powiedziałaś del quattro allora szklep jest szklep,ulica dobra sztery proszę i prosto ulica niska obok oszpital na rou proszę skrencić na prawo i prosz proszę i prosto ulica słowaskiego a pote szyżowanie proszę i prosto ulica słowasjego obok teatre obok skole uniwersytecze proszę i prosto i na na lewo sklep sklep na rogu na roge na rogu proszę i skręcić na lewo proszę i prosto ulica dobra numer cztery est domu domu szklep est sklep
IT,5111,oszpital,ospital,szpitala,,,
IT,5111,rou,rogu,rogu,,,
IT,5111,skrencić,skręcić,skręcić,,,
IT,5111,prosz,-,proszę,,,
IT,5111,słowaskiego,słowa ciego,słowackiego,,,
IT,5111,pote,potem,po,,,
IT,5111,szyżowanie,szoszowanie,skrzyżowaniu,,,
IT,5111,słowasjego,słowa ciego,słowackiego,,,
IT,5111,skole,szkole,szkoły,,,
IT,5111,uniwersytecze,uniwersytecie,uniwersytetu,,,
IT,5111,roge,-,—,,,
IT,5111,szklep,szklep,sklep,,,
IT,5106,ulicon,-,ulicą,proszę iść prosto ulicą niską aż do szpitala do szpitala aż do szpitala skręcić w prawo w ulicę juliusza słowackiego obok restauracji obok skrzyżowania proszę iść prosto obok szkoły obok teatru skręcić w lewo aż do sklepu w ulicę dobrą dom jest znajduje się na lewo,jest to obok szkoły obok teatru skręcić w lewo jest do sklepu na ulicę dobrej dom znajduje się na lewo,proszę iś prosto ulicon niszkon az do spitalu do spitalu az do spitalu skręcić wy prawo ulica julusza słowackiego obok restauracja obok szyżowannem proszę iść prosto obok skoly obok teatr skręczić wy lewo ez do sklepu ul na ulica dobra dom jest znaduje szie na lewe
IT,5106,niszkon,-,niską,,,
IT,5106,spitalu,-,szpitala,,,
IT,5106,spitalu,-,szpitala,,,
IT,5106,spitalu,-,szpitala,,,
IT,5106,julusza,-,juliusza,,,
IT,5106,szyżowannem,-,skrzyżowania,,,
IT,5106,skoly,szkoły,szkoły,,,
IT,5106,skręczić,skręcić,skręcić,,,
IT,5106,znaduje,znajduje,znajduje,,,
IT,5106,szie,się,się,,,
IT,5107,ulicon,ulicę,ulicą,proszę iść prosto ulicą niską na rogu aż do szpitala za szpitalem skręcić w prawo i potem iść prosto na ulicę słowackiego obok restauracji obok biblioteki obok szkoły obok teatru i obok sklepu aż do sklepu aż do sklepu skręcić w lewo w ulicę dobrą i na lewo znajduje się dom cztery,tak proszę iść prosto na ulicę niską na rogu aż do szpitala za szpitalem skręcić w prawo i przekroczyć iść prosto na ulicę słowackiego obok restauracji obok biblioteki obok szkoły obok teatru i obok sklepu aż do sklepu skręcić w lewo na ulicę dobrej i na lewo znajdziesz dom 4,proszę iś prosto na ulicon niskon na rogu a aż do spitalem za oszpitalem skrenczić wy prawo i prokaczić iś prosto na ulicon słowackiego obok restauracja obok biblioteke obok skoły obok teatre i obok sklep aż do sklep aż do sklepe skrenczić w lewo na ulicon dobron i na lewo znaduj szie dom sztery
IT,5107,niskon,niską,niską,,,
IT,5107,spitalem,szpitala,szpitala,,,
IT,5107,oszpitalem,szpitalem,szpitalem,,,
IT,5107,skrenczić,skręcić,skręcić,,,
IT,5107,prokaczić,przekroczyć,potem,,,
IT,5107,ulicon,ulicę,ulicę,,,
IT,5107,skoły,szkoły,szkoły,,,
IT,5107,sklepe,sklepu,sklepu,,,
IT,5107,skrenczić,skręcić,skręcić,,,
IT,5107,ulicon,ulicę,ulicę,,,
IT,5107,dobron,dobrej,dobrą,,,
IT,5107,znaduj,znajdziesz,znajduje,,,
IT,5107,szie,-,się,,,
IT,5107,sztery,4,cztery,,,
IT,5113,prochon,po,prosto,tak proszę jedź prosto ulicą niską do szpitala za szpitalem skręcić w prawo w ulicę juliusza słowackiego proszę jedź prosto do sklepu do sklepu skręcić w ulicę dobrą w lewo i ulica dobra cztery jest na lewo,tak proszę jechać po ulicę niżka do szpitala w szpitalu skręcisz na prawo w ulicę żuliuska słowackiego proszę jechać po szkleb do szklebu skręcisz na ulicę dobrej na lewo ulica dobrej 4 jest na lewo,tak proszę jedź prochon ulica niszka do szpitale wy szpitale skremcić na prawo w ulica żuliuska szlowatsjego wy proszę jedź prochon szklep do szklep skremcić na ulica dobra na lewo i ulica dobra sztere jest na pr na lewo
IT,5113,niszka,niżka,niską,,,
IT,5113,skremcić,skręcisz,skręcić,,,
IT,5113,żuliuska,żuliuska,juliusza,,,
IT,5113,szlowatsjego,słowackiego,słowackiego,,,
IT,5113,prochon,po,prosto,,,
IT,5113,szklep,szkleb,sklepu,,,
IT,5113,szklep,szklebu,sklepu,,,
IT,5113,skremcić,skręcisz,skręcić,,,
IT,5113,sztere,4,cztery,,,
IT,5102,ulicon,-,ulicą,tak proszę iść prosto ulicą niską za szpitalem proszę skręcić w prawo to jest ulica juliusza słowackiego proszę iść prosto ulicą słowackiego obok restauracji przed skrzyżowaniem proszę iść prosto też obok szkoły obok teatru aż do sklepu za sklepem proszę skręcić w lewo to jest ulica dobra proszę iść prosto ulicą dobrą i dom kowalskich znajduje się na lewo,przed księżowaniem proszę iść prosto też obok szkoły obok teatru aż do sklepu za sklepem proszę skręcić w lewo to jest ulica dobra proszę iść prosto ulicą na dobron i dom kowalski znajduje się na lewo,tak proszę iść prosto ulicon niskon za spitalem proszę skręcić w prawo to jest ulica juliusza słowackiego proszę iść prosto ulicon słowackiego obok restauracji przed krzyżowanie proszę iść prosto też obok szkoły obok teatru aż do sklepu za sklepiem proszę skręcić w lewo to jest ulica dobra proszę iść prosto ulicon dobron i dom kowal kowalski znajduje się na lewo
IT,5102,niskon,-,niską,,,
IT,5102,spitalem,-,szpitalem,,,
IT,5102,ulicon,-,ulicą,,,
IT,5102,sklepiem,sklepem,sklepem,,,
IT,5102,ulicon,ulicą,ulicą,,,
IT,5102,dobron,dobron,dobrą,,,
IT,5116,ulicon,-,ulicą,proszę iść prosto ulicą niską do szpitala na rogu skręcić w prawo i proszę iść prosto ulicą słowackiego do sklepu na rogu skręcić w lewo i dom kowalskich znajduje się na lewo numer cztery,do szpitalu na rogu skręcić w prawo i proszę iść prosto ulicą słowackiego do sklepu na rogu skręcić w lewo i dom kowalski znajduje się na lewo numer 4,proszę iść prosto ulicon niskon do szpitalu na rogu skręcić w prawo i proszę iść prosto ulicą słowacjego do sklep na rogu skręcić w lewo i dom kowalski znajduje się na lewo numer cztery
IT,5116,niskon,-,niską,,,
IT,5116,słowacjego,słowackiego,słowackiego,,,
IT,5115,spital,szpitala,szpitala,tak proszę iść prosto ulicą niską do szpitala za szpitalem proszę skręć w prawo w ulicę słowackiego a potem proszę prosto obok restauracji a potem obok teatru i obok szkoły i uniwersytetu i proszę iść prosto do ulicy dobrej a potem proszę skręć w prawo w ulicę dobrą i na lewo to jest dom kowalskich numer cztery,tak proszę iść prosto ulicą niską do szpitala za szpitala proszę skręcić w prawo ulicę słowackiego i potem proszę prosto o bok restauracja i a potem o bok teatr i o bok szkoła i uniwersytet i proszę prosto do ulicy dobrej i a potem proszę skręcić w prawo ulica dobra i na lewo to jest dom kowalski i numer 4,tak proszę iść prosto ulica niska do spital za spitala proszę skręć uli w prawo ulica slowakiego i a pote proszę prosto obok restauracja i a pote obok obok teatr i obok skola i uniwersitet i proszę jets prosto do ulica dobra i a pote proszę skręć w prawo ulica dobra i na lewo to jest dom kowaski i numer czteri
IT,5115,spitala,szpitala,szpitalem,,,
IT,5115,slowakiego,słowackiego,słowackiego,,,
IT,5115,pote,potem,potem,,,
IT,5115,pote,potem,potem,,,
IT,5115,skola,szkoła,szkoły,,,
IT,5115,uniwersitet,uniwersytet,uniwersytetu,,,
IT,5115,jets,-,iść,,,
IT,5115,pote,potem,potem,,,
IT,5115,kowaski,kowalski,kowalskich,,,
IT,5115,czteri,4,cztery,,,
IT,5118,ulicon,ulicą,ulicą,proszę iść prosto ulicą niską za szpitalem skręcić w prawo w ulicę juliusza słowackiego obok restauracji obok szkoły obok teatru za sklepem skręcić w lewo w ulicę dobrą ulica dobra numer cztery znajduje się na lewo,proszę iść prosto ulicą niską za szpitalu skręcić w prawo na ulicą juluszko-słowackiego obok restauracja obok szkoły obok teatru za szklepem po prostu skręcić w lewo ulica dobrej 4 znajduje się na lewo,proszę iść prosto ulicon niskon za szpitalu skręcić w prawo na ulicon juliuszko słowackiego obok restauracja obok szkoły obok teatre za szklepe szkręcić w lewo ulicon dobron ulica dobra numer cztery znajduje się na lewo
IT,5118,niskon,niską,niską,,,
IT,5118,ulicon,ulicą,ulicę,,,
IT,5118,juliuszko,juluszko-słowackiego,juliusza,,,
IT,5118,szklepe,szklepem,sklepem,,,
IT,5118,szkręcić,skręcić,skręcić,,,
IT,5118,ulicon,ulica,ulicę,,,
IT,5118,dobron,dobrej,dobrą,,,
NL,2103,ulicza,uliczka,ulicy,jest dom kowalskich na ulicy dobrej cztery proszę iść prosto ulicą niską i za szpitalem proszę skręcić w prawo i proszę iść prosto ulicą juliusza słowackiego i proszę prosto prosto prosto obok restauracji teatru sklepu i za sklepem proszę skręcić w lewo w ulicę dobrą i dom kowalskich jest na lewo numer cztery,jest dom kowalski uliczka dobrej cztery proszę iść po stronie ulicy niski za szpital po stronie ulicy skręca-brawo po stronie ulicy jskowalskiego po stronie ulicy obok restauracja teatr szkleb i za szkleb po stronie skręca-lewo ulicy dobrej i dom kowalskiego jest na lewej stronie nr 4,jest dom kowalski ulicza dobra cztery proszę iść prosto ulicza niska i za szpital proszę skręca brawo i proszę iść prosto ulicza julia juliaszka skowalskiego i proszę prosto prosto prosto obok restoracja teatr szklep i za szklep proszę skręca a lewo ulicza dobra i dom kowalski jest a lewo nume sztery
NL,2103,ulicza,ulicy,ulicą,,,
NL,2103,ulicza,ulicy,ulicą,,,
NL,2103,juliaszka,-,juliusza,,,
NL,2103,skowalskiego,jskowalskiego,słowackiego,,,
NL,2103,restoracja,restauracja,restauracji,,,
NL,2103,szklep,szkleb,sklepu,,,
NL,2103,szklep,szkleb,sklepem,,,
NL,2103,ulicza,ulicy,ulicę,,,
NL,2103,nume,nr,numer,,,
NL,2103,sztery,4,cztery,,,
NL,2119,uliczia,-,ulica,ulica dobra cztery proszę idź prosto ulicą niską za szpitalem proszę proszę skręcić w prawo w ulicę juliusza słowackiego proszę proszę idź prosto obok szkoły obok uniwersytetu obok sklepu za sklepem proszę skręcić w lewo w ulicę dobrą na ulicy dobrej proszę skręcić w lewo tak,dzięki za obserwacie dzięki za obserwacie dzięki za obserwacie dziękuję bardzo dziękuję,uliczia dobre sztery proszę i prosto a ulicza niska za hospital proszę proszę skręcić na prawo ulicza julusza slo szlowakiego proszę proszę i prosto obok szkola obok juniwe uniweszitet obok sklep za sklep proszę skręcić na le w lewo a ulicza dobra ulicza dobra proszę skręcić w lewo tak
NL,2119,sztery,-,cztery,,,
NL,2119,ulicza,-,ulicą,,,
NL,2119,hospital,-,szpitalem,,,
NL,2119,ulicza,-,ulicę,,,
NL,2119,julusza,-,juliusza,,,
NL,2119,szlowakiego,-,słowackiego,,,
NL,2119,szkola,-,szkoły,,,
NL,2119,juniwe,-,—,,,
NL,2119,uniweszitet,-,uniwersytetu,,,
NL,2119,ulicza,-,ulicę,,,
NL,2119,ulicza,-,ulicy,,,
NL,2115,spital,szpitalu,szpitalem,ulica dobra proszę iść prosto za szpitalem proszę jechać w prawo w ulicę juliusza słowackiego proszę iść prosto za sklepem proszę skręcić w lewo w ulicę dobrą,ulica dobrej proszę iść prosto z szpitalu proszę jechać na prawo ulica słowackiego proszę iść prosto za sklep proszę skręcić na lewo na ulicę dobrej,ulica dobra proszę iść prosto za spital proszę jegać na prawo a ulica julicza slowaczkiego proszę iść prosto za sklep proszę skręciak na lewo za ulica dobra
NL,2115,jegać,jechać,jechać,,,
NL,2115,julicza,-,juliusza,,,
NL,2115,slowaczkiego,słowackiego,słowackiego,,,
NL,2115,skręciak,skręcić,skręcić,,,
NL,2111,restaracja,restauracja,restauracji,proszę iść prosto za szpitalem proszę skręcić w prawo proszę iść prosto prosto obok obok restauracji obok szkoły proszę iść prosto za sklepem proszę skręcić w lewo ulica dobra cztery jest na lewo,proszę iść prosto za szpitalem proszę skręcić w prawo proszę iść prosto prosto obok restauracja obok szkoły proszę iść prosto za sklepem proszę skręcić w lewo ulica dobra 4 jest na lewo,proszę iś prosto za szpitalem proszę skręcić w prawo proszę iść prosto prosto ob obok restaracja obok szkola proszę iść prosto za sklepem proszę skręcić w lewo ulica dobra ctery jest na lewo
NL,2111,szkola,szkoły,szkoły,,,
NL,2111,ctery,4,cztery,,,
NL,2109,szklep,szkoły,sklepu,proszę iść prosto ulicą niską za szpitalem skręcić w prawo w ulicę juliusza słowackiego proszę iść prosto obok szkoły obok uniwersytetu obok teatru obok sklepu za sklepem proszę skręcić w lewo w lewo w ulicę dobrą i tam jest dom kowalskich na lewo,proszę iść prosto ulica niska za szpital skręcić w prawo ulica julisza słowackiego proszę iść prosto obok szkoły obok szkoły obok teatru obok szkoły za szkołę proszę skręcić w lewo w lewo ulica dobra i tam jest dom kowalski na lewo,proszę iś prosto ulica niska za szpital skr skręcić w prawo ulica juliusza słowackiego proszę iść prosto obok szkoła obok uniwersytet obok teatr obok szklep za szklep proszę skręcić w lewo w lewo ulica dobra i tam jestem dom kowalski na lewo
NL,2109,szklep,szkoły,sklepem,,,
NL,2113,ulicja,ulicę,ulicą,proszę prosto ulicą niską za szpitalem proszę skręcić w prawo w ulicę juliusza słowackiego proszę prosto obok szkoły obok uniwersytetu obok teatru obok sklepu za sklepem proszę skręcić w lewo w lewo w ulicę dobrą proszę prosto na lewo jest dom kowalskich,stacja prosi o ulicę niską sprawiedliwość prosi o skręcenie prawej ulicy o ulicy słowackiej proszę o skręcenie prawej ulicy proszę o ulicę szkoły uniwersytetu teatru sztabu proszę o skręcenie prawej ulicy o ulicy dobrej proszę o skręcenie prawej ulicy dobrej ja lewę dom kowalski,starsza proszę prosto ulicja niska ta szpital proszę skręcić prawo ulica dżulius dżuliusa szło szłowackiego proszę prosto obok szkola obok uniwersytet obok teatr obok szklep tza szklep proszę skręcić w lewo w lewo a uliczia dobra proszę prosto a lewo es dom kowalski
NL,2113,dżulius,-,juliusza,,,
NL,2113,dżuliusa,-,—,,,
NL,2113,szłowackiego,słowackiej,słowackiego,,,
NL,2113,szkola,szkoły,szkoły,,,
NL,2113,szklep,sztabu,sklepu,,,
NL,2113,tza,-,za,,,
NL,2113,szklep,-,sklepem,,,
NL,2113,uliczia,ulicy,ulicę,,,
NL,2120,ulicza,ulica,ulicą,proszę jechać prosto ulicą niską proszę jechać prosto obok szpitala za szpitalem proszę skręcić w prawo ulica nazywa się juliusza słowackiego proszę jechać prosto prosto prosto prosto obok restauracji obok biblioteki teatru obok sklepu za sklepem proszę skręcić w lewo ulica nazywa się dobra prosto dom kowalskich jest na lewo,proszę jechać prosto ulica nyska proszę jechać prosto obok szpitalu proszę skręcić w prawo ulica nazywa się juliusza słowackiego proszę jechać prosto proszę jechać prosto obok restauracji obok biblioteki teatru obok sklepu za sklepem proszę skręcić w lewo ulica nazywa się ulica dobra proszę jechać prosto proszę jechać prosto prosto dom kowalski jest na lewo,proszę jechać prosto ulicza niska proszę jechać prosto obok szpitalu za szpitalu proszę skrędzić w prawo ulicza nazywa się juliusza słowaczkiego proszę jechać prosto prosto prosto prosto obok restoracja obok biblioteka teatr obok sklep za sklep za sklepem proszę skrędzić w lewo ulicza nazywa się ulicza dobra prosto dom kowalski jest na lewo
NL,2120,skrędzić,skręcić,skręcić,,,
NL,2120,ulicza,ulica,ulica,,,
NL,2120,słowaczkiego,słowackiego,słowackiego,,,
NL,2120,restoracja,restauracji,restauracji,,,
NL,2120,skrędzić,skręcić,skręcić,,,
NL,2120,ulicza,ulica,ulica,,,
NL,2120,ulicza,ulica,—,,,
NL,2105,staczja,stacji,stacji,do stacji proszę iść prosto obok szpitala proszę skręcić w prawo w ulicę słowackiego proszę proszę iść prosto obok restauracji obok szkoły i za sklepem proszę skręcić w lewo w ulicę dobrą i dom na ulicy dobrej cztery jest na lewo,do stacji proszę iść prosto obok szpital proszę skręcić w prawo ulica słowackiego proszę iść prosto obok restauracja obok szkoły i za szkleb proszę skręcić w lewo ulica dobra i dom ulica dobrej 4 jest na lewo,do staczja proszę iść prosto obok szpital proszę skręcić w prawo ulica słowackiego prosę proszę jiść prosto obok restoracja obok szkoła i za szklep proszę skręcić w lewo ulica dobra i dom ulica dobra cztery jest na lewo
NL,2105,prosę,-,proszę,,,
NL,2105,jiść,iść,iść,,,
NL,2105,restoracja,restauracja,restauracji,,,
NL,2105,szklep,szkleb,sklepem,,,
NL,2117,ulicza,ulicą,ulicą,proszę iść prosto ulicą niską za szpitalem skręć w prawo w ulicę juliusza słowackiego proszę iść prosto obok restauracji obok teatru obok sklepu za sklepem skręć w lewo w ulicę dobrą i ulica dobra cztery jest na lewo,proszę iść prosto za ulicą niżka za ospital skręć na prawo na ulicę juliusza słowackiego proszę iść prosto obok restauracji obok teatru obok sklepu za sklep skręć na lewo na ulicę dobrej i ulicę dobrej 4 ulicę słowackiego na lewo,proszę iś prosto za ulicza niszka za ospital skręcza na prawo ulicza juliusza slowakiego proszę iś prosto obok restoracja obok teatr obok sklep za sklep skręcza na lewo ulicza dobra i ulicza dobra sztery es na lewo
NL,2117,niszka,niżka,niską,,,
NL,2117,ospital,ospital,szpitalem,,,
NL,2117,skręcza,skręć,skręć,,,
NL,2117,ulicza,ulicę,ulicę,,,
NL,2117,slowakiego,słowackiego,słowackiego,,,
NL,2117,restoracja,restauracji,restauracji,,,
NL,2117,skręcza,skręć,skręć,,,
NL,2117,ulicza,ulicę,ulicę,,,
NL,2117,ulicza,ulicę,ulica,,,
NL,2117,sztery,4,cztery,,,
NL,2114,ulicia,ulica,ulica,ulica dobra cztery iść proszę iść prosto ulicą niską za szpitalem proszę skręcić w prawo w ulicę juliusza słowackiego proszę iść prosto proszę iść prosto prosto prosto prosto za sklepem proszę skręcić w lewo w ulicę dobrą ulica dobra numer cztery na lewo,ulica dobrej 4 proszę iść prosto a ulica niska za szpital proszę kręcić na prawo na ulicę juliusza słowackiego proszę iść prosto prosto prosto za sklep proszę kręcić w lewo na ulicę dobrej 4 na lewo,ulicia dobra stery iśt proszę iśt prosto a ulicia niska tza spital proszę kręcić wna prawo a ulicia julusza słowackiego proszę iść prosto proszę iść prosto prosto prosto prosto za sklep proszę kręcić na w lewo a ulicza dobra ulicia dobre numer sztery na lewo
NL,2114,iśt,-,iść,,,
NL,2114,iśt,iść,iść,,,
NL,2114,ulicia,ulica,ulicą,,,
NL,2114,tza,za,za,,,
NL,2114,spital,szpital,szpitalem,,,
NL,2114,wna,na,w,,,
NL,2114,ulicia,ulicę,ulicę,,,
NL,2114,julusza,juliusza,juliusza,,,
NL,2114,ulicza,-,ulicę,,,
NL,2114,ulicia,ulicę,ulica,,,
NL,2114,sztery,4,cztery,,,
NL,2104,ulicza,ulica,ulica,ulica dobra cztery jest obok sklepu obok banku i za teatrem proszę iść prosto i skręcić w prawo w ulicę juliusza słowackiego proszę iść prosto prosto i za sklepem proszę iść w lewo w ulicę dobrą i dom jest na lewo,ulica dobra 4 jest obok szklapu obok parku i za teatrem a ja jestem tu i idziemy do ulicy dobrej proszę iść prosto i skręcić w prawo ulica dobra 4 proszę słowackiego proszę iść prosto prosto i za sklep proszę iść w lewo a ulica dobra i dom jest na lewo,ulicza dobra stery jes obok szklepu obok banku i za teatr proszę iść prosto i szkręcić w prawo a ulica juliusza słowackiego proszę iść prosto prosto i za sklep proszę iść w lewo a ulica dobra i dom jest na lewo
NL,2104,jes,jest,jest,,,
NL,2104,szklepu,szklapu,sklepu,,,
NL,2104,szkręcić,skręcić,skręcić,,,
NL,2102,staczja,stacja,stacji,do stacji proszę jedź prosto ulicą niską za szpitalem proszę skręcić w prawo w ulicę słowackiego proszę jedź prosto proszę jedź prosto i za sklepem proszę skręcić w lewo w ulicę dobrą i na lewo dom kowalskich jest numer cztery,ta stacja proszę jedź prosto ulica niska za z hospitalu proszę kręcić w prawo ulica słowackiego i proszę jedź prosto proszę jedź prosto i za sklepem proszę kręcić w lewo ulica dobrej i na lewo dom kowalski jest nr 4,do staczja proszę jedz prosto ulica niska za zospitalu proszę kręcić w prawo ulica słowackiego proszę jedz prosto proszę jedz prosto i za szklepe proszę kręcić w lewo ulica dobra i na na lewo dom kowalski ject numer sztery
NL,2102,zospitalu,hospitalu,szpitalem,,,
NL,2102,szklepe,sklepem,sklepem,,,
NL,2102,ject,jest,jest,,,
NL,2102,sztery,4,cztery,,,
NL,2106,ulicza,ulicę,ulicą,babcia Anna proszę iść prosto ulicą niską iść do szpitala skręcić prosto w prawo skręcić w prawo w ulicę juliusza słowackiego i proszę iść prosto prosto prosto obok restauracji obok teatru obok szkoły obok uniwersytetu na ulicy dobrej iść do sklepu skręcić w lewo tak i za sklepem na lewo jest zielony dom numer cztery,babcia anna proszę iść prosto na ulicę niska iść na szpital skręć się prosto skręć się prosto skręć się prosto skręć się w prawo a ulicę julijewska słowackiego i proszę iść prosto prosto prosto obok restaurancza obok teatru obok szkoły obok uniwersytetu a ulicę dobrej iść na sklep a ulicę dobrej skręć się w lewo w lewo tak i z nasz sklep tak a w lewo jest zielony dom numer 4,babcia Anna proszę iść prosto a ulicza niska iść na na szpital szkręcza pr prosto ne prawo szkręczać w prawo a ulicza julieszka słowackiego i proszę iść prosto prosto prosto obok restoranczja obok teatr obok szkola obok uniwerszitet a ulicza dobra iść na szklep szkręcza w lewo tak i zna sklep a w lewo jest zielon zielony dom numer sztery
NL,2106,szkręcza,skręć się,skręcić,,,
NL,2106,szkręczać,skręć się,skręcić,,,
NL,2106,ulicza,ulicę,ulicę,,,
NL,2106,julieszka,julijewska,juliusza,,,
NL,2106,restoranczja,restaurancza,restauracji,,,
NL,2106,szkola,szkoły,szkoły,,,
NL,2106,uniwerszitet,uniwersytetu,uniwersytetu,,,
NL,2106,ulicza,ulicę,ulicy,,,
NL,2106,szklep,sklep,sklepu,,,
NL,2106,szkręcza,skręć się,skręcić,,,
NL,2106,zielon,-,zielony,,,
NL,2106,sztery,4,cztery,,,
NL,2118,sztery,4,cztery,ulica dobra cztery jest obok sklepu i obok parku proszę iść prosto ulicą niską za szpitalem proszę skręcić w prawo w ulicę juliusza słowackiego proszę iść prosto obok restauracji obok szkoły obok uniwersytetu i za sklepem proszę skręcić w lewo w ulicę dobrą i obok za sklepem jest ulica dobra numer cztery po lewej,ulicy dobrej 4 jestem obok sklepu i obok parku proszę iść prosto na ulicę nińska za szpital proszę skręcić na prawo w ulicy juliu za słowackiego proszę iść prosto obok restauracja i obok szkoły obok uniwersytetu i za szklep proszę skręcić w lewo na ulicę dobrej i obok za szklep jest ulica dobrej nr 2 nr 4 po lewej,ulice dobry sztery jestem obok szklep i obok park proszę iśt prosto ulica niska tza szpital proszę skręcić na prawo w ulica juliusz juliusza slowackiego proszę iść prosto obok restoraczja i obok szkoła obok uniwersytet i za szklep proszę szkręcić w lewo ulica dro dobra i obok za szklep jest ulica dobra numero sztery po lewe
NL,2118,szklep,sklepu,sklepu,,,
NL,2118,iśt,iść,iść,,,
NL,2118,tza,za,za,,,
NL,2118,slowackiego,słowackiego,słowackiego,,,
NL,2118,restoraczja,restauracja,restauracji,,,
NL,2118,szklep,szklep,sklepem,,,
NL,2118,szkręcić,skręcić,skręcić,,,
NL,2118,dro,-,—,,,
NL,2118,szklep,szklep,sklepem,,,
NL,2118,numero,nr,numer,,,
NL,2118,sztery,4,cztery,,,
NL,2116,spitalem,szpitalem,szpitalem,tak proszę idź prosto ulicą niską za szpitalem skręcić w prawo proszę idź prosto obok teatru obok szkoły obok uniwersytetu i za sklepem skręć w lewo ulica dobra i ulica dobra jest dobra cztery jest na lewo,proszę iść prosto ulica niska za szpitalem skręcić w prawo proszę iść prosto obok teatru obok szkoły obok uniwersytetu i za sklepem skręć w lewo ulica dobra i ulica dobra jest dobra 4 jest na lewo,tak proszę idź prosto ulica niska za spitalem skręcić w prawo proszę idź prosto obok teatr obok skola obok uniwersitet i za sklepem skręć w lewo ulica dobra i ulica dobra jest dobra sztery jest na lewo
NL,2116,skola,szkoły,szkoły,,,
NL,2116,uniwersitet,uniwersytetu,uniwersytetu,,,
NL,2116,sztery,4,cztery,,,
NL,2107,ulicza,ulica,ulicą,proszę prosto proszę prosto ulicą niską i proszę skręcić w prawo za szpitalem proszę prosto ulicą juliusza słowackiego proszę prosto obok szkoły obok uniwersytetu i za sklepem proszę skręcić na dole w lewo i proszę prosto i na lewo jest ulica dobra cztery,proszę prosto ulica niska proszę proszę skręcić na prawo do szpitala na prawo do no dobrze proszę prosto i ludzie dzielą się słowem niemieckim proszę prosto obok szkoły obok uniwersytetu i ten sklep proszę proszę skręcić na lewo i proszę prosto i na lewo jest ulicy dobrej 4,proszę proszą proszę prosto ulicza niska i proszę skręcić na prewo za szpitalem proszę pres prosto i luczi juliżasi slowacziego proszę prosto obok skola obok juniwersitet i sza szklep proszę skrędzić na wo na dole na lewo i proszę prosto i na lewo jest julicza dobra czjery
NL,2107,prewo,prawo,prawo,,,
NL,2107,pres,proszę,—,,,
NL,2107,luczi,ludzie,ulicą,,,
NL,2107,juliżasi,-,juliusza,,,
NL,2107,slowacziego,-,słowackiego,,,
NL,2107,skola,szkoły,szkoły,,,
NL,2107,juniwersitet,uniwersytetu,uniwersytetu,,,
NL,2107,szklep,sklep,sklepem,,,
NL,2107,skrędzić,skręcić,skręcić,,,
NL,2107,julicza,ulicy,ulica,,,
NL,2107,czjery,4,cztery,,,
NL,2108,restoracja,restauracja,restauracji,proszę iść prosto ulicą niską za szpitalem proszę skręcić w prawo w ulicę juliusza słowackiego proszę iść prosto prosto obok restauracji obok teatru obok szkoły za sklepem proszę skręcić w lewo tam jest ulica dobra a numer cztery jest na lewo na lewo,proszę iść prosto a ulica niska za szpitalem proszę skręcić w prawo a ulica juliusza słowackiego proszę iść prosto prosto obok restauracja obok teatru obok szkoły za sklepem proszę skręcić w lewo ta jest ulica dobra a nr 4 jest na lewo,proszę iść prosto a ulica niska za szpitalem proszę skręcić w prawo a ulica juliu juliusza słowackiego proszę iść prosto prosto obok restoracja obok teatru obok skołe za sklepem proszę skręcić w lewo ta jest ulica dobra a numer sztery jest a lewo na lewo
NL,2108,skołe,szkoły,szkoły,,,
NL,2108,sztery,4,cztery,,,
NL,2101,ulicza,ulicę,ulicą,proszę iść prosto ulicą niską za szpitalem skręcić prosto w prawo w ulicę słowackiego proszę iść prosto prosto prosto prosto obok sklepu skręcić w lewo obok parku obok sklepu ulica dobra numer cztery,proszę iść po prostu ulicę niska za hospitałem skręcić po prostu w prawo ulicę słowaksiego proszę iść po prostu po prostu po prostu po prostu obok sklepu skręcić w lewo obok park obok sklep ulica dobra nr 4,proszę iść prosto ulicza niska za hospital kręciks prosto na na w prewo w prawo uliczia słowa słowaksiego proszę iść prosto prosto prosto prosto obok szklep szkręcić w lewo obok park obok szklep uliczia dobra numer cztery
NL,2101,hospital,hospitałem,szpitalem,,,
NL,2101,kręciks,skręcić,skręcić,,,
NL,2101,prewo,-,prawo,,,
NL,2101,uliczia,ulicę,ulicę,,,
NL,2101,słowaksiego,słowaksiego,słowackiego,,,
NL,2101,szklep,sklepu,sklepu,,,
NL,2101,szkręcić,skręcić,skręcić,,,
NL,2101,szklep,sklep,sklepu,,,
NL,2101,uliczia,ulica,ulica,,,
UK,3102,ulicja,ulicia,ulicą,proszę iść prosto ulicą niską obok szpitala skręcić w prawo w ulicę juliusza słowackiego obok szpitala obok restauracji obok szkoły obok teatru obok sklepu skręcić w lewo w ulicę dobrą,proszę iż proste ulicia niska obok zapital strategie prawo ulicia juliane z słow-wachsliga obok zapital obok restaurantaż obok w szkole obok teatr obok sklep strangik lewo ulicia dobla slewi,proszę iś proste ulicja niska obok zapital stradżik prawo ulicja żulianizi slowłasigo obok zapital obok restrantaże obok zskola obok teatre obak sklep strędżik lewo ulicja dobra
UK,3102,zapital,zapital,szpitala,,,
UK,3102,stradżik,strategie,skręcić,,,
UK,3102,ulicja,ulicia,ulicę,,,
UK,3102,żulianizi,juliane,juliusza,,,
UK,3102,slowłasigo,słow-wachsliga,słowackiego,,,
UK,3102,zapital,zapital,szpitala,,,
UK,3102,restrantaże,restaurantaż,restauracji,,,
UK,3102,zskola,szkole,szkoły,,,
UK,3102,obak,obok,obok,,,
UK,3102,strędżik,strangik,skręcić,,,
UK,3102,ulicja,ulicia,ulicę,,,
UK,3115,iszte,jeszcze,iść,proszę iść prosto i za szpitalem proszę skręcić w prawo w ulicę słowackiego proszę iść prosto obok restauracji i obok teatru i za sklepem za sklepem proszę skręcić w lewo w ulicę dobrą i i znajduje się na lewo,proszę im jeszcze proszto i za szpital proszę skręcić w prawo ulicę słowackiego proszę iść prosto obok restauracji i obok teatry i za sklep o no o o sorry i za sklep proszę skręcić w lewo ulicę dobrą i za sklep proszę skręcić w lewo,proszę iszte proszto i za szpital proszę skręcić w prawo w ulicę słowackiego proszę iśte proszto obok restaracji i obok teatre i za sklep za szklepem proszę skręcić w lewo w olicę dobra i i zna znaduj zię w lewo
UK,3115,proszto,proszto,prosto,,,
UK,3115,iśte,iść,iść,,,
UK,3115,proszto,prosto,prosto,,,
UK,3115,restaracji,restauracji,restauracji,,,
UK,3115,szklepem,sklep,sklepem,,,
UK,3115,olicę,ulicę,ulicę,,,
UK,3115,znaduj,-,znajduje,,,
UK,3115,zię,-,się,,,
UK,3119,proszto,prosto,prosto,proszę iść prosto za szpitalem skręcić w prawo i proszę prosto słowackiego i proszę prosto i za sklepem skręcić w lewo,proszę iść prosto aż pytał skręcić prawo proszę iść prosto a słowackiego i proszę iść prosto a sklep skręcić świtło,proszę iść proszto a szpital skręcić prawo i proszę proszto a słowackiego i proszę proszto i a sklep skręcić lewo
UK,3119,proszto,prosto,prosto,,,
UK,3119,proszto,prosto,prosto,,,
UK,3112,prosteu,-,prosto,proszę iść prosto ulicą niską za szpitalem skręcić w prawo w ulicę juliusza słowackiego proszę iść prosto obok restauracji obok teatru obok szkoły za sklepem skręcić w lewo znajduje się na lewo,dzień dobry jak masz na imię ma na imię helen dziękuję first part jesteśmy na stacji kolejowej w krakowie ja jestem turystą z warsztatem jesteśmy na stacji kolejowej w krakowie ja jestem turystą z warszawy ty mieszkasz w krakowie ja pytam ciebie o informację przepraszam jak dojść na ulicę do brącztery nie się nie zauważy przepraszam jak dojść na ulicę do brącztery ja jestem turystą z warsztatem ty mieszkasz w krakowie ja jestem turystą z warsztatem ty mieszkasz w brącztery ja jestem turystą z warsztatem ty mieszkasz w brącztery nie zauważy dziękuję bardzo,proszę iś prosteu ulica niska za spital skręcić w praweu w ulicę juliske slowakiego proszę iś prosteu obok restracji obok tieat obok szkola za szklepe skręcić leweu naguje się na leweu
UK,3112,spital,-,szpitalem,,,
UK,3112,praweu,-,prawo,,,
UK,3112,juliske,-,juliusza,,,
UK,3112,slowakiego,-,słowackiego,,,
UK,3112,prosteu,-,prosto,,,
UK,3112,restracji,-,restauracji,,,
UK,3112,tieat,-,teatru,,,
UK,3112,szkola,-,szkoły,,,
UK,3112,szklepe,-,sklepem,,,
UK,3112,leweu,-,lewo,,,
UK,3112,naguje,-,znajduje,,,
UK,3112,leweu,-,lewo,,,
UK,3109,ulisa,ulicy,ulicą,idź prosto ulicą niską obok szpitala skręcić w prawo w ulicę juliusza słowackiego obok restauracji obok szkoły obok teatru obok sklepu skręcić w ulicę dobrą dom kowalski numer cztery,iść prosto ulicy niska obok spytan skręci się z powrotem ulicy dula ulicy swalckiego obok restauracji obok goła obok teatry obok sklep skręci się z ulicy dobrej a dom kawalski nr 6,idź prosto ulisa niska obok spital skręcić prawo ulisa dżola dżuliska słowackiego obok restracji obok skoła obok teaczre obok sklep skręcinć ulisze dobre dom kowalski numeu stery
UK,3109,spital,spytan,szpitala,,,
UK,3109,ulisa,ulicy,ulicę,,,
UK,3109,dżola,dula,—,,,
UK,3109,dżuliska,ulicy,juliusza,,,
UK,3109,restracji,restauracji,restauracji,,,
UK,3109,skoła,goła,szkoły,,,
UK,3109,teaczre,teatry,teatru,,,
UK,3109,skręcinć,skręci,skręcić,,,
UK,3109,ulisze,ulicy,ulicę,,,
UK,3109,numeu,nr,numer,,,
UK,3114,juliuza,-,juliusza,proszę iść prosto ulicą niską za szpitalem proszę skręcić w prawo w ulicę juliusza słowackiego proszę iść prosto obok restauracji obok szkoły obok teatru i za sklepem proszę skręcić w ulicę dobrą proszę iść prosto dom znajduje się na lewo,olicy są słowackiego proszę iść prosto obok restauracji obok szkola obok teatra i żar szklebo proszę skręcić olicę dobre proszę iść prosto dom znajdowsze w level,proszę iś prosto ulica niska za szpital proszę skręcić w prawo ulice juliuza slowackiego proszę iśt prosto obok restraca obok szkola obok teatre i za szklepe proszę skręcić ulisę dobra proszę iś prosto dom znajduje się w lewo
UK,3114,slowackiego,słowackiego,słowackiego,,,
UK,3114,iśt,iść,iść,,,
UK,3114,restraca,restauracji,restauracji,,,
UK,3114,szkola,szkola,szkoły,,,
UK,3114,szklepe,szklebo,sklepem,,,
UK,3114,ulisę,olicę,ulicę,,,
UK,3117,prastou,presto,prosto,proszę iść prosto ulicą niską i za szpitalem lewo skręcić w lewo w ulicę juliusza i iść prosto iść prosto ulicą słowackiego w ulicę dobrą skręcić w lewo,proszę iść presto ulicze niska i zbytal,proszę iść prastou ulicza niska i a za spital lewo skręczen lewen lewou ulicza dżulienca i iś pros iśt prosteu ulicza stowancziengeu a ulicz dobra skrenczen le leweu
UK,3117,ulicza,ulicze,ulicą,,,
UK,3117,spital,zbytal,szpitalem,,,
UK,3117,skręczen,-,skręcić,,,
UK,3117,lewen,-,—,,,
UK,3117,lewou,-,lewo,,,
UK,3117,ulicza,-,ulicę,,,
UK,3117,dżulienca,-,juliusza,,,
UK,3117,iśt,-,iść,,,
UK,3117,prosteu,-,prosto,,,
UK,3117,ulicza,-,ulicą,,,
UK,3117,stowancziengeu,-,słowackiego,,,
UK,3117,ulicz,-,ulicę,,,
UK,3117,skrenczen,-,skręcić,,,
UK,3117,leweu,-,lewo,,,
UK,3108,uliszia,ulicy,ulicą,proszę idź prosto ulicą niską za szpitalem skręcić w prawo skręcić w prawo w ulicę juliusza słowackiego iść prosto obok restauracji szkoły uniwersytetu za sklepem skręcić w lewo w lewo w ulicę dobrą dom kowalskich na lewo,proszę iść prosto z ulicy niska za szpitalem skręcić prawo w ulicy słowakiego iść prosto obok restauracji szkola uniwersytet za szklepem skręcić lewo w lewo w ulicie dorba don makowalski w lewo,proszę idź prosto z uliszia niska za szpitalem skręczić prawo skręcić w prawo w ulisję ulica słowakiego iść prosto obok restracje szkole uniwersytet za szklepem skrędzić lewo w lewo w ulisja dorba doma kowalski w lewo
UK,3108,skręczić,skręcić,skręcić,,,
UK,3108,ulisję,ulicy,ulicę,,,
UK,3108,słowakiego,słowakiego,słowackiego,,,
UK,3108,restracje,restauracji,restauracji,,,
UK,3108,szklepem,szklepem,sklepem,,,
UK,3108,skrędzić,skręcić,skręcić,,,
UK,3108,ulisja,ulicie,ulicę,,,
UK,3108,dorba,dorba,dobrą,,,
UK,3107,prostro,prostro,prosto,proszę iść prosto w ulicę niską obok szpitala za szpitalem proszę skręcić w prawo w ulicę juliusza słowackiego iść proszę iść prosto obok restauracji obok szkoły obok teatru i za sklepem proszę skręcić w lewo w ulicę dobrą numer cztery znajduje się na lewo,proszę iść prostro w ulicze misko obok szpital za szpitalem proszę skręcić wyprawo w ulicze luliusa słowackiego proszę iść prostro obok restauracja obok szkoła obok teatr za szklepem proszę skręcić w lewo w ulicze dobrej numer cztery za naszewę na lewo,proszę iś prostro w ulica nisko obok obok szpital za szpitalem proszę skręcić w prawo w ulica juliusa słowackiego iś proszę iś prostro obok restoracja obok skoło obok teatre i za szklepem proszę skręcić w lewo w ulica dobra numer czery żanaszewe ne naszewa żę na lewo
UK,3107,juliusa,luliusa,juliusza,,,
UK,3107,prostro,prostro,prosto,,,
UK,3107,restoracja,restauracja,restauracji,,,
UK,3107,skoło,szkoła,szkoły,,,
UK,3107,szklepem,szklepem,sklepem,,,
UK,3107,czery,cztery,cztery,,,
UK,3107,żanaszewe,-,znajduje,,,
UK,3107,naszewa,naszewę,—,,,
UK,3107,żę,-,—,,,
UK,3116,proszto,proś do,prosto,proszę idź prosto ulicą niską za szpitalem proszę skręcić w prawo proszę idź prosto obok restauracji obok teatru za sklepem proszę skręcić w lewo znajduje się cztery ulica dobra na lewo,proszę iść proś do ulicy niska za szpitalem proszę skręcić w prawo proszę iść proś do obok restauracja obok teater za szklepem proszę skręcić w lewo bo najduje się stery ulicy dobra na lewo,proszę idź proszto alica niska za szpitalem proszę szkręcić w prawo proszę idź proszto obok restoracja obok teatre za szklepem proszę szkręcić w lewo znajduje się cztery ulica dobra na lewo
UK,3116,alica,ulicy,ulicą,,,
UK,3116,szkręcić,skręcić,skręcić,,,
UK,3116,proszto,proś do,prosto,,,
UK,3116,restoracja,restauracja,restauracji,,,
UK,3116,szklepem,szklepem,sklepem,,,
UK,3116,szkręcić,skręcić,skręcić,,,
UK,3113,zo,to,za,proszę proszę iść prosto ulicą niską za szpitalem proszę skręcić w prawo iść prosto ulicą juliusza słowackiego obok muzeum obok restauracji obok szkoły teatru proszę skręcić proszę skręcić w lewo w ulicę dobrą znajduje się na lewo dom kowalskich zielony dom,proszę proszę iść powsta ulicjaniska to specjal proszę skaczyć prawo iść po prostu ulicja ulicja w słowach jego obok muzeum obok reserwacji obok szkoła teatr proszę skręcić proszę skręcić ulicja do ulicy dobrej 4 tom kowalski,proszę proszę iść prosto ulica niska zo zo spital proszę skaczie w prawo iś prosto ulicja ulisja słowakiego obok muzeum obok restauracji obok szkoła tieatr poszę skręcie proszę skręcie w lewo ulicja dobra najduje się na lewo dom kowalski zielony dom
UK,3113,zo,-,—,,,
UK,3113,spital,specjal,szpitalem,,,
UK,3113,skaczie,skaczyć,skręcić,,,
UK,3113,ulicja,ulicja,ulicą,,,
UK,3113,ulisja,ulicja,—,,,
UK,3113,słowakiego,słowach jego,słowackiego,,,
UK,3113,tieatr,teatr,teatru,,,
UK,3113,poszę,proszę,proszę,,,
UK,3113,ulicja,ulicja,ulicę,,,
UK,3113,najduje,-,znajduje,,,
GE,4109,skęczać,skęszacz,skręcić,proszę idź prosto i prosto ulicą niską i potem skręcić w prawo za hotelem ulica nazywa się ulica juliusza słowackiego i prosto prosto prosto obok restauracji szkoły uniwersytetu i sklepu za sklepem skręcić w lewo w ulicę dobrą i obok sklepu i parku jest dom,proszę i czy prosto i prosto ulica niska i potem skęszacz prawu za hotelu ulica na sebaszej ulica juliusze słowackiego i prosto prosto prosto obok restauracji szkole uniwersytet i sklepu i salsklepu skręszacz lewo ulica dobra i obok sklepu i park jest dom,proszę idź prostu i prostu ulica niska i potem skęczać prawo za hotelu ulica nazywa się jul ulica julisze juliusze slowackiego i prostu prostu prostu obok restoracja skole uniwersitet i sklepu za sklepu skręczać lewo ulica dobra i obok sklepu i park jest dom
GE,4109,julisze,juliusze,juliusza,,,
GE,4109,slowackiego,słowackiego,słowackiego,,,
GE,4109,restoracja,restauracji,restauracji,,,
GE,4109,skole,szkole,szkoły,,,
GE,4109,uniwersitet,uniwersytet,uniwersytetu,,,
GE,4109,skręczać,skręszacz,skręcić,,,
GE,4112,ulicza,ulicza,ulicę,na ulicę cztery idź ulicą niską do szpitala i skręć w prawo nazywa się ta ulica juliusza słowackiego idź prosto prosto obok szkoły obok uniwersytetu obok teatru skręć w lewo w ulicę dobrą i ulica dobra cztery na lewo,na ulicza stede i idzie na ulicza niska za spitalu i skredensza a prawo nazywasz się na ulicza julusza slovatiego ic prosto prosto obok skola obok uniwersyteczna obok teatry skręcza na lewo za ulica dobra i stede a lewo,na ulicza stery idź na ulica niska za spitalu i skrencza a prawo nazywa sien ta ulica julusza slowakiego idź prosto prosto obok skola obok uniwersitecia obok teatre skrencza na lewo za ulica dobra i ulica dobra stery a lewo
GE,4112,spitalu,spitalu,szpitala,,,
GE,4112,skrencza,skredensza,skręć,,,
GE,4112,sien,się,się,,,
GE,4112,julusza,julusza,juliusza,,,
GE,4112,slowakiego,slovatiego,słowackiego,,,
GE,4112,skola,skola,szkoły,,,
GE,4112,uniwersitecia,uniwersyteczna,uniwersytetu,,,
GE,4112,skrencza,skręcza,skręć,,,
GE,4113,sztery,cztery,cztery,tak ulica dobra cztery jest obok parku i obok sklepu proszę idź prosto i za szpitalem skręcić w prawo i idź prosto do skrzyżowania prosto idź prosto prosto i obok szkoły i uniwersytetu i za sklepem skręcić w lewo w ulicę dobrą i ulica dobra cztery jest na lewo,tak ulicza dobra cztery jest obok parku i obok sklep proszę iść prosto i za szpitalem skręcić naprawo iść prosto iść przeżywania prosto i obok szkola i uniwersytet i za sklepem skręcić na lewu na ulicza dobra i ulicza dobra cztery jest na lewu,tak ulica dobra sztery jest obuk parku i obok sklep proszę idź prosto i za szpitalem skręc skręcić na prawo i idź prosto i szyżowanie prosto idź prostu prosto i obok szkula i uniwezitet i za sklepem skręcić na lewo na ulicza dobra i ulicza dobra sztery jest na lewo
GE,4113,obuk,obok,obok,,,
GE,4113,skręc,-,skręcić,,,
GE,4113,szyżowanie,przeżywania,skrzyżowania,,,
GE,4113,szkula,szkola,szkoły,,,
GE,4113,uniwezitet,uniwersytet,uniwersytetu,,,
GE,4113,ulicza,ulicza,ulicę,,,
GE,4113,ulicza,ulicza,ulica,,,
GE,4113,sztery,cztery,cztery,,,
GE,4120,prosztę,proszę,proszę,proszę idź prosto ulicą niską za szpitalem proszę idź skręć w prawo w ulicę juliusza słowackiego proszę idź prosto prosto prosto i za sklepem proszę idź skręć w lewo w ulicę dobrą i na lewo jest dom numer cztery,proszę idź prosto ulicza niska za za spital proszę idź sterecz a prawo ulicza juliska słowajeku proszę idź prosto i za sklep proszę idź sterecz a lewo ulicza dobra i a lewo jest dom numea stere,prosztę idź prosto ulicza niska za za spitae proszę idź steryć a prawo ulicza juliska slowajego slowakiego proszę idź prosto prosto prosto i za sklep proszę idź styryć a lewo ulicza dobra i a lewo jest dom nume sztery
GE,4120,ulicza,ulicza,ulicą,,,
GE,4120,spitae,spital,szpitalem,,,
GE,4120,steryć,sterecz,skręć,,,
GE,4120,ulicza,ulicza,ulicę,,,
GE,4120,juliska,juliska,juliusza,,,
GE,4120,slowajego,słowajeku,słowackiego,,,
GE,4120,slowakiego,-,—,,,
GE,4120,styryć,sterecz,skręć,,,
GE,4120,ulicza,ulicza,ulicę,,,
GE,4120,nume,numea,numer,,,
GE,4120,sztery,stere,cztery,,,
GE,4119,nazewa,nazeważe,nazywa,stacja okej proszę iść prosto ulica nazywa się ulica niska za szpitalem skręcić w prawo i ulica nazywa się ulica juliusza słowackiego tam ulicą iść prosto i prosto za restauracją za skrzyżowaniem i za biblioteką obok biblioteki i szkoły i uniwersytetu i za sklepem skręcić w lewo ulica nazywa się ulica dobra i idź prosto i na lewo jest dom kowalskich na ulicy dobrej cztery,proszę iść prosto ulica nazeważe ulica niska zna spitalem skręczać na brawo i ulica nazeważe ulica julijska słowakiego tam ulica iść proszę i proszę zna restauracja zna czeczołanie i zna obok biblioteka i skole i uniwersytety zna sklepu skręcić na lewo ulica nazeważe ulica dobra iść prosto i na lewo iść dom kowalska ulica dobra czery,stasza okej proszę iść prosto ulica nazewa się ulica niska zna spitalem skręczać na prawo i ulica nazywa się ulica juliszka slowi slowakiego tam ulica iść proszę i proszę sna restauracja sna czeczełanie i sna biblio obok biblioteka i skole i uniwersitete i sna sklepu skręcić na lewo ulica nazywa się ulica dobra i idź prosto i na lewo jest dom kowalska ulica dobra cziery
GE,4119,spitalem,spitalem,szpitalem,,,
GE,4119,skręczać,skręczać,skręcić,,,
GE,4119,juliszka,julijska,juliusza,,,
GE,4119,slowi,-,—,,,
GE,4119,slowakiego,slowakiego,słowackiego,,,
GE,4119,sna,na,za,,,
GE,4119,sna,zna,za,,,
GE,4119,czeczełanie,czeczołanie,skrzyżowaniem,,,
GE,4119,sna,zna,za,,,
GE,4119,skole,skole,szkoły,,,
GE,4119,uniwersitete,uniwersytety,uniwersytetu,,,
GE,4119,sna,zna,za,,,
GE,4119,cziery,czery,cztery,,,
GE,4117,ulicon,ulicę,ulicą,proszę idź prosto ulicą niską za szpitalem skręcić w prawo idź prosto i prosto i prosto za skrzyżowaniem i obok szkoły i obok sklepu i za sklepem skręcić w lewo i to jest na lewo dom rodziny kowalskich na ulicy dobrej numer cztery,proszę iść prosto ulicę niską za spitalem skręcić na prawo iść prosto i prosto i prosto za szeżowanie i obok sklepu i za sklepem skręcić na lewo i to jest na lewo dom rodziny kowalewskiej na ulica dobra nr 4,proszę idź prosto ulicon niskon za spitalem skręcić na prawo idź prosto i prosto i prosto za szyżowanie i obok skoly i obo obok sklepu i za sklepem skręcić na lewo i to jes na lewo dom rodziny kowalski na ulica dobra nume sztery
GE,4117,niskon,niską,niską,,,
GE,4117,spitalem,spitalem,szpitalem,,,
GE,4117,szyżowanie,szeżowanie,skrzyżowaniem,,,
GE,4117,skoly,-,szkoły,,,
GE,4117,obo,-,obok,,,
GE,4117,jes,jest,jest,,,
GE,4117,nume,nr,numer,,,
GE,4117,sztery,4,cztery,,,
GE,4103,skręczyć,skręczać,skręcić,proszę idź prosto ulicą niską i za szpitalem proszę skręcić w prawo nazywa się ulica juliusza słowackiego proszę idź prosto obok restauracji obok teatru obok uniwersytetu i za sklepem proszę idź proszę skręcić w lewo nazywa się ulica dobra między parkiem i sklepem jest ulica dobra numer cztery na lewo,proszę iść prosto na ulicę niska i za szpitalem proszę skręczać prawo nazywasz je ulica jujusza słowackiego i proszę iść prosto obok restauracji obok teatru obok uniwersytetu i za sklepem proszę iść proszę skręczać w lewu nazywasz je ulica dobrej i między parku i sklepem jest ulica dobrej numa stery na lewu,proszę idź prosto na ulicy niskie i za szpitalem proszę skręczyć w prawo nazywa się ulica juliusza slowackiego proszę idź prosto obok restaracja obok teatu obok uniwesytietu i za sklepem proszę idź proszę skręczać w lewo nazywa się ulica dobra między parku i sklepu jest ulica dobra numa stery na lewo
GE,4103,slowackiego,słowackiego,słowackiego,,,
GE,4103,restaracja,restauracji,restauracji,,,
GE,4103,teatu,teatru,teatru,,,
GE,4103,uniwesytietu,uniwersytetu,uniwersytetu,,,
GE,4103,skręczać,skręczać,skręcić,,,
GE,4103,numa,numa,numer,,,
GE,4106,ulicza,ulicza,ulica,skręcić w prawo prosto ulica nazywa się niska za szpitalem skręcić w prawo prosto ulica nazywa się juliusza słowackiego prosto za skrzyżowaniem prosto obok uniwersytetu obok teatru za sklepem skręcić w lewo ulica nazywa się dobra dom jest na ulicy dobrej cztery jest za sklepem na lewo,gręcić na prawo po prostu ulicza nazywa się niska z hospitalem gręcić na prawo po prostu ulica nazywa się juliusza sława jego po prostu żyjeżdżowanie po prostu obiek uniwezy obiek teatry za sklepu gręcić na lewo ulica nazywa się dobra do mnie jest ulicza dobra stery jest za sklepu na lewo,kręcić na prawo prosto ulicza nazywa zię niska za hospitalem kręcić na prawo prosto ulica nazywa się juliusza sławagiego prosto rzeżowanie prosto obek uniwezite obek teatre za sklepu kręcić na lewo ulica nazywa zię dobra dom jest ulicza dobra stery jest za sklepu na lewo
GE,4106,zię,się,się,,,
GE,4106,hospitalem,hospitalem,szpitalem,,,
GE,4106,sławagiego,sława jego,słowackiego,,,
GE,4106,rzeżowanie,żyjeżdżowanie,skrzyżowaniem,,,
GE,4106,obek,obiek,obok,,,
GE,4106,uniwezite,uniwezy,uniwersytetu,,,
GE,4106,obek,obiek,obok,,,
GE,4106,zię,się,się,,,
GE,4106,ulicza,ulicza,ulicy,,,
GE,4116,spitala,spitala,szpitala,,,
GE,4116,spitalu,spitalu,szpitalem,,,
GE,4116,skręczić,skręczać,skręcić,,,
GE,4116,restoracje,restauracje,restauracji,,,
GE,4116,skoły,zgoły,szkoły,,,
GE,4116,skręczać,skręczać,skręcić,,,
GE,4114,ospi,-,—,dobrze proszę idź prosto i za szpitalem skręć w prawo i ulica nazywa się ulica juliusza słowackiego i idź prosto prosto obok biblioteki i szkoły i teatru i za sklepem skręć w lewo ulica nazywa się ulica dobra i ulica dobra numer cztery jest na lewo obok parku i obok sklepu,dobrze proste idzie prosto za hospitalem chęczać prawo ulica nazywa się ulica juliustie słowakiego idzie prosto obok biblioteku skuł i teatru za sklepem skręczać blewo ulica nazywa się ulica dobra ulica dobra no mestere jest na lewu obok parku i obok sklepu,dobrze proszę idź prosto i za ospi za spitalem kręczacz pre prawo i ulica nazywa się ulica juliuse słowakiego i idź prosto prosto obok biblioteku i skul skul i teatru i za sklepu za sklepem skręczać w lewo ulica nazywa się ulica dobra i ulica dobra nume stery jest na lewo obok parku i obok sklepu
GE,4114,spitalem,hospitalem,szpitalem,,,
GE,4114,kręczacz,chęczać,skręć,,,
GE,4114,juliuse,juliustie,juliusza,,,
GE,4114,słowakiego,słowakiego,słowackiego,,,
GE,4114,skręczać,skręczać,skręć,,,
GE,4114,nume,no,numer,,,
GE,4110,szię,się,się,proszę idź prosto ulica nazywa się niska za szpitalem proszę skręcić w prawo w prawo proszę idź prosto ulica nazywa się juliusza słowackiego proszę idź prosto obok szkoły obok uniwersytetu obok teatru i za sklepem proszę skręcić w lewo i proszę idź prosto ulica nazywa się dobra i obok parku i obok sklepu jest dom na ulicy dobrej cztery,proszę iść prosto ulica nazywa się niska za szpital proszę skręczać w prawo proszę iść prosto ulica nazywa się juliusa słowackiego proszę iść prosto obok szkoła obok uniwersytet obok teatry za sklepu proszę skręczać w lewo proszę iść prosto ulica nazywa się dobra obok parku i obok sklepu jest dom ulica dobra cztery,proszę idź prostu ulica nazywa szię niska za szpital proszę skręczać w prewo w prawo proszę idź prosto ulica nazywa się juliusa słowackiego proszę idź prosto obok szkoła obok uniwersitet obok tieatre i za sklepu proszę skręczać w lewo i proszę idź prosto ulica nazywa się dobra i obok parku i obok sklepu jest jest dom ulica dobra cztery
GE,4110,skręczać,skręczać,skręcić,,,
GE,4110,prewo,-,prawo,,,
GE,4110,juliusa,juliusa,juliusza,,,
GE,4110,uniwersitet,uniwersytet,uniwersytetu,,,
GE,4110,tieatre,teatry,teatru,,,
GE,4110,skręczać,skręczać,skręcić,,,
GE,4122,spitalem,spitalem,szpitalem,proszę idź prosto ulica nazywa się ulica niska i za szpitalem proszę skręcić w prawo ulica nazywa się ulica juliusza słowackiego i idź prosto i prosto obok szpitala obok restauracji obok uniwersytetu i za sklepem proszę skręcić w lewo w ulicę dobrą i numer cztery jest na lewo,proszę idź prosto ulica nazywa się ulicaniska i za spitalem proszę skręcić prosto prawo ulica nazywa się juliusz słowackiego iść prosto i prosto obok szpitalem obok restauracja obok uniwersytet i za sklep proszę skręcić w lewo ulica dobra i numer 4 jest na lewo,proszę idź prosto ulica nazywa się ulica niska i za spitalem proszę skręcić prosto w prawo ulica nazywa się uli juliusza slowackiego i idź prosto i prosto obok szpitalem obok restoracja obok uniwersitet i za sklepem proszę skręcić w lewo ulica dobra i numero cztery jest na lewo
GE,4122,slowackiego,słowackiego,słowackiego,,,
GE,4122,restoracja,restauracja,restauracji,,,
GE,4122,uniwersitet,uniwersytet,uniwersytetu,,,
GE,4122,numero,numer,numer,,,
GE,4105,szpitaem,szpital,szpitalem,proszę prosto prosto i za szpitalem skręcić w prawo ulica nazywa się juliusza słowackiego i proszę prosto obok restauracji obok biblioteki obok szkoły obok sklepu a za sklepem skręcić w lewo ulica nazywa się dobra i za sklepem ulica nazywa się dobra cztery a dom jest na lewo,proszę prosto i za szpital skręczak naprewo a ulica na zawazcie juliuszcza słowakiego i prosz prosty obok restauracja obok biblioteka obok skole obok sklep a za sklep skręczak na lewo a ulica na zawazcie dobra i za sklep ulica na zawazcie dobra sterek a za dom jest na lewo,proszę proste prosta i za szpitaem skręczak na prewo ulica nazawa się juliusza slowakiego i prosz proste obok restoracja obok biblioteka obok skole obok sklep a za sklep skręczek na lewo ulica nazawa się dobra i za sklep ulica nazawa stę dobra sterek a zdom est na lewo
GE,4105,skręczak,skręczak,skręcić,,,
GE,4105,prewo,naprewo,prawo,,,
GE,4105,nazawa,na zawazcie,nazywa,,,
GE,4105,slowakiego,słowakiego,słowackiego,,,
GE,4105,prosz,prosz,proszę,,,
GE,4105,restoracja,restauracja,restauracji,,,
GE,4105,skole,skole,szkoły,,,
GE,4105,skręczek,skręczak,skręcić,,,
GE,4105,nazawa,na zawazcie,nazywa,,,
GE,4105,nazawa,na zawazcie,nazywa,,,
GE,4105,stę,-,się,,,
GE,4105,sterek,sterek,cztery,,,
GE,4105,zdom,za dom,dom,,,
GE,4123,skręczać,skręczać,skręcić,okej idź proszę idź prosto i za szpitalem skręcić w prawo proszę idź prosto prosto prosto obok restauracji obok szkoły obok uniwersytetu za sklepem proszę skręcić w lewo i dom jest na lewo obok sklepu i obok parku,proszę iść prosto i za spitalu skręczać na prawo proszę iść prosto prosto prosto obok restorancja obok skola obok uniwersytet za sklepu proszę skręczać na lewo i dom jest na lewo obok sklepu i obok parku,okej idź proszę idź prosto i za szpitalu skręczać na prawo proszę idź prosto prosto prosto obok resorancja obok skola obok uniwerzitet za sklepu proszę skręczać na lewo i dom jest na lewo obok sklepu i obok parku
GE,4123,resorancja,restorancja,restauracji,,,
GE,4123,skola,skola,szkoły,,,
GE,4123,uniwerzitet,uniwersytet,uniwersytetu,,,
GE,4123,skręczać,skręczać,skręcić,,,
GE,4104,szpita,-,szpitalem,proszę idź prosto za szpitalem proszę skręcić w prawo ulica nazywa się juliusza słowackiego proszę idź prosto i prosto obok szkoły i obok teatru i obok sklepu i proszę skręcić w lewo ulica nazywa się dobra i dom kowalskich jest na lewo,proszę ić po sło za szpitalu proszę skręcać prawo ulica nazywa się julicka słowackiego proszę ić po sło i po sło obec szkole i obec teatr i obec slepu i proszę skręcać na lewo ulica nazywa się dobra dom kowalski jest na lewo,proszę idź prosto za szpita szpitalu proszę skręcać prawo ulica nazywa się juli julicka slowackiego proszę idź prosto i prosto obek skole i obek teatre i obek slepu i proszę skręcać na lewo ulica nazywa się dobra i dom kowalski jest na lewo
GE,4104,slowackiego,słowackiego,słowackiego,,,
GE,4104,obek,obec,obok,,,
GE,4104,skole,szkole,szkoły,,,
GE,4104,obek,obec,obok,,,
GE,4104,obek,obec,obok,,,
GE,4104,slepu,slepu,sklepu,,,
GE,4115,nażewa,na żywę,nazywa,proszę iść prosto ulica nazywa się ulica niska za szpitalem proszę skręcić w prawo ulica nazywa się juliusza słowackiego proszę iść prosto prosto obok restauracji obok biblioteki obok szkoły obok teatru i za sklepem proszę skręcić w lewo ulica nazywa się ulica dobra i ulica dobra cztery jest na lewo,proszę iść proto ulica na żywę ulica niska na szpitalę proszę skręcić prawo ulica na żywę słowakiego proszę iść proto proto obok restauracji obok biblioteku obok szkolu obok teatru i na sklepie proszę skręcić lewo ulica na żywę ulica dobra i ulica dobra stere i jest na lewo,proszę iść proto ulica nażewa ulic niska zna spitale proszę sre skręcić prawo ulica nażewa liżewe slowakiego proszę iśt proto proto obok res restorac restoracu obok biblioteku obok szkolu obok teatru i zna sklepiem proszę skręcić lewo ulisa nażewa ulica dobra i ulisa dobra stery jes na lewo
GE,4115,spitale,szpitalę,szpitalem,,,
GE,4115,sre,-,—,,,
GE,4115,nażewa,na żywę,nazywa,,,
GE,4115,liżewe,-,—,,,
GE,4115,slowakiego,słowakiego,słowackiego,,,
GE,4115,iśt,iść,iść,,,
GE,4115,restorac,-,restauracji,,,
GE,4115,restoracu,restauracji,—,,,
GE,4115,szkolu,szkolu,szkoły,,,
GE,4115,sklepiem,sklepie,sklepem,,,
GE,4115,ulisa,ulica,ulica,,,
GE,4115,nażewa,na żywę,nazywa,,,
GE,4115,ulisa,ulica,ulica,,,
GE,4115,jes,jest,jest,,,
GE,4102,sztery,cztery,cztery,ulica dobra cztery jest obok sklepu i obok parku i za kinem i za teatrem proszę iść prosto za szpitalem proszę skręcić w prawo i idź prosto i prosto i obok szkoły i obok uniwersytetu i prosto i za sklepem proszę skręcić w lewo i dom jest na lewo,ulica dobrej cztery jest obok sklep tu i obok parku i za kinem i za teatrem proszę iść prosto za szpital proszę skręczyć w prawo iść prosto iść prosto i obok szkola i obok uniwersytet iść prosto iść za sklep proszę skręczać w lewo i dom jest na lewo,ulica dobra sztery jest obok sklepu i obok parku i za kinem i za teatrem proszę iść prastu za szpitale proszę skręcić w prawo i idź prosto i prosto i obok szkola i obok uniwersitet i prosto i za sklep proszę skręczać w lewo i dom jest na lewo
GE,4102,prastu,prosto,prosto,,,
GE,4102,szkola,szkola,szkoły,,,
GE,4102,uniwersitet,uniwersytet,uniwersytetu,,,
GE,4102,skręczać,skręczać,skręcić,,,
